{"DOGSUSDT": 1776620506.8990686, "PIEVERSEUSDT": 1776652743.1161616, "PROMUSDT": 1776627101.2618854, "BLURUSDT": 1776653562.1582701}