{"DOGSUSDT": 1776620506.8990686, "PIEVERSEUSDT": 1776684701.7325764, "PROMUSDT": 1776627101.2618854, "BLURUSDT": 1776653562.1582701, "CFGUSDT": 1776678312.6202908, "ORDIUSDT": 1776754922.777898, "SPKUSDT": 1776704734.6115267, "EDGEUSDT": 1776698327.7601163, "GUNUSDT": 1776777714.8420916, "BASUSDT": 1776756493.0499926, "SUPERUSDT": 1776771669.6458976, "BASEDUSDT": 1776771669.6458976, "SCRTUSDT": 1776771687.0780668, "UAIUSDT": 1776778508.2657387, "NAORISUSDT": 1776777656.564236, "PRLUSDT": 1776765586.785457, "TRADOORUSDT": 1776751421.171432, "CETUSUSDT": 1776771669.6458976, "IRYSUSDT": 1776733485.125384, "RAVEUSDT": 1776778020.5673923, "LABUSDT": 1776771669.6458976, "BLESSUSDT": 1776777714.8420916, "BSBUSDT": 1776767872.978585, "ARIAUSDT": 1776771669.6458976, "DENTUSDT": 1776778508.2657387, "FIGHTUSDT": 1776777656.564236, "XANUSDT": 1776777656.564236}