{"DOGSUSDT": 1776620506.8990686, "PIEVERSEUSDT": 1776684701.7325764, "PROMUSDT": 1776627101.2618854, "BLURUSDT": 1776653562.1582701, "CFGUSDT": 1776678312.6202908, "ORDIUSDT": 1776735657.4767418, "SPKUSDT": 1776704734.6115267, "EDGEUSDT": 1776698327.7601163, "GUNUSDT": 1776717892.515852, "BASUSDT": 1776735917.4433823, "SUPERUSDT": 1776710994.6191049, "BASEDUSDT": 1776736204.1637144, "SCRTUSDT": 1776700020.4748206, "UAIUSDT": 1776726688.541375, "NAORISUSDT": 1776736678.527778, "PRLUSDT": 1776736674.3394988, "TRADOORUSDT": 1776718811.9071152, "CETUSUSDT": 1776727171.289738, "IRYSUSDT": 1776733485.125384, "RAVEUSDT": 1776734694.7771118}