{"DOGSUSDT": 1776620506.8990686, "PIEVERSEUSDT": 1776620324.689042}